{"stats":{"minecraft:picked_up":{"minecraft:salmon":1,"minecraft:turtle_helmet":1,"minecraft:map":1,"minecraft:dirt":1,"minecraft:cat_spawn_egg":1,"minecraft:sticky_piston":1,"minecraft:item_frame":1,"minecraft:tnt_minecart":1,"minecraft:detector_rail":2,"minecraft:yellow_stained_glass":1,"minecraft:iron_ore":1,"minecraft:redstone_torch":28,"minecraft:observer":1,"minecraft:powered_rail":15,"minecraft:iron_sword":1,"minecraft:sandstone":42,"minecraft:yellow_concrete":3,"minecraft:sand":66,"minecraft:stone_button":3,"minecraft:redstone":28,"minecraft:tropical_fish":2,"minecraft:slime_block":1,"minecraft:lever":1,"minecraft:granite":4,"minecraft:diamond_axe":1,"minecraft:painting":2,"minecraft:glowstone":1,"minecraft:obsidian":2,"minecraft:cobblestone":69},"minecraft:used":{"minecraft:spruce_door":2,"minecraft:armor_stand":31,"minecraft:powered_rail":154,"minecraft:dark_oak_sign":1,"minecraft:redstone":66,"minecraft:cauldron":2,"minecraft:diamond_axe":2,"minecraft:smooth_sandstone_stairs":2,"minecraft:smooth_quartz_stairs":6,"minecraft:dirt":75,"minecraft:rail":20,"minecraft:cut_sandstone_slab":1,"minecraft:tnt":468,"minecraft:crafting_table":89,"minecraft:birch_sign":1,"minecraft:yellow_concrete":53,"minecraft:painting":11,"minecraft:cyan_stained_glass":12,"minecraft:obsidian":96,"minecraft:redstone_torch":82,"minecraft:sticky_piston":33,"minecraft:glass":40,"minecraft:lever":53,"minecraft:activator_rail":3,"minecraft:quartz_slab":31,"minecraft:yellow_stained_glass":12,"minecraft:slime_block":43,"minecraft:map":24,"minecraft:stone_button":9,"minecraft:quartz_block":1,"minecraft:tnt_minecart":220,"minecraft:detector_rail":24,"minecraft:dark_oak_slab":87,"minecraft:smooth_quartz":102,"minecraft:cat_spawn_egg":51,"minecraft:item_frame":2,"minecraft:glowstone":5,"minecraft:cobblestone":13,"minecraft:dark_oak_pressure_plate":4,"minecraft:minecart":11,"minecraft:sandstone_slab":2,"minecraft:glass_pane":4,"minecraft:magenta_glazed_terracotta":10,"minecraft:trapped_chest":4,"minecraft:observer":40},"minecraft:killed":{"minecraft:cat":1,"minecraft:horse":1},"minecraft:custom":{"minecraft:mob_kills":2,"minecraft:interact_with_crafting_table":21,"minecraft:fill_cauldron":2,"minecraft:play_one_minute":404160,"minecraft:leave_game":9,"minecraft:time_since_death":404160,"minecraft:time_since_rest":404160,"minecraft:sprint_one_cm":310,"minecraft:walk_one_cm":422983,"minecraft:trigger_trapped_chest":4,"minecraft:drop":45,"minecraft:minecart_one_cm":186248,"minecraft:damage_dealt":389,"minecraft:fly_one_cm":1424983,"minecraft:open_chest":1,"minecraft:crouch_one_cm":2768,"minecraft:sneak_time":3120,"minecraft:walk_under_water_one_cm":117892,"minecraft:boat_one_cm":39844,"minecraft:jump":606,"minecraft:walk_on_water_one_cm":36604},"minecraft:dropped":{"minecraft:golden_boots":1,"minecraft:iron_sword":1,"minecraft:cyan_stained_glass":1,"minecraft:lever":2,"minecraft:diamond_axe":1,"minecraft:tnt":2,"minecraft:crafting_table":1,"minecraft:sticky_piston":1,"minecraft:obsidian":2,"minecraft:cobblestone":1,"minecraft:observer":1,"minecraft:slime_block":1,"minecraft:yellow_stained_glass":1,"minecraft:tropical_fish":2,"minecraft:rail":1,"minecraft:glass_pane":1,"minecraft:salmon":1,"minecraft:item_frame":1,"minecraft:diamond_sword":1,"minecraft:dirt":2,"minecraft:turtle_helmet":1,"minecraft:stone_button":2,"minecraft:tnt_minecart":1,"minecraft:glowstone":1,"minecraft:golden_leggings":1,"minecraft:map":1,"minecraft:cat_spawn_egg":1,"minecraft:redstone_torch":2,"minecraft:birch_sign":1,"minecraft:wooden_sword":1,"minecraft:powered_rail":6,"minecraft:trapped_chest":1,"minecraft:redstone":3}},"DataVersion":1976}