{"stats":{"minecraft:picked_up":{"minecraft:diamond_sword":1,"minecraft:jungle_button":1,"minecraft:golden_boots":1,"minecraft:map":1,"minecraft:dirt":1,"minecraft:wooden_sword":1,"minecraft:item_frame":1,"minecraft:activator_rail":1,"minecraft:kelp":19,"minecraft:redstone_torch":26,"minecraft:powered_rail":8,"minecraft:blue_wool":1,"minecraft:stone_button":1,"minecraft:redstone":43,"minecraft:trapped_chest":1,"minecraft:spruce_door":1,"minecraft:lever":2,"minecraft:painting":14,"minecraft:spruce_button":1,"minecraft:emerald":1,"minecraft:obsidian":1,"minecraft:rail":19},"minecraft:killed":{"minecraft:bat":1},"minecraft:used":{"minecraft:turtle_spawn_egg":8,"minecraft:oak_fence":9,"minecraft:water_bucket":25,"minecraft:spruce_door":3,"minecraft:birch_planks":86,"minecraft:red_stained_glass":1,"minecraft:redstone":167,"minecraft:powered_rail":173,"minecraft:cartography_table":1,"minecraft:oak_sign":2,"minecraft:blue_wool":173,"minecraft:stone":1072,"minecraft:cut_sandstone":1,"minecraft:beacon":6,"minecraft:quartz_stairs":252,"minecraft:clay":95,"minecraft:oak_leaves":1,"minecraft:sand":5,"minecraft:rail":560,"minecraft:white_carpet":4,"minecraft:tnt":1,"minecraft:crafting_table":242,"minecraft:blue_stained_glass":2,"minecraft:orange_wool":856,"minecraft:sponge":21,"minecraft:acacia_button":7,"minecraft:painting":44,"minecraft:spruce_log":369,"minecraft:purple_stained_glass":1,"minecraft:birch_fence":46,"minecraft:birch_door":1,"minecraft:redstone_torch":114,"minecraft:spruce_boat":7,"minecraft:sticky_piston":28,"minecraft:glass":1607,"minecraft:dark_oak_planks":43,"minecraft:lever":57,"minecraft:activator_rail":52,"minecraft:acacia_door":32,"minecraft:red_wool":11,"minecraft:yellow_stained_glass":1,"minecraft:grass_block":575,"minecraft:spruce_button":2,"minecraft:map":21,"minecraft:oak_button":1,"minecraft:stone_button":77,"minecraft:detector_rail":73,"minecraft:dark_oak_slab":8,"minecraft:smooth_quartz":1566,"minecraft:iron_door":1,"minecraft:gravel":42,"minecraft:yellow_wool":77,"minecraft:birch_button":1,"minecraft:glowstone":101,"minecraft:dolphin_spawn_egg":2,"minecraft:repeater":2,"minecraft:redstone_lamp":34,"minecraft:cobblestone":725,"minecraft:potion":15,"minecraft:dark_oak_boat":1,"minecraft:emerald_block":252,"minecraft:jungle_button":14,"minecraft:lime_stained_glass":2,"minecraft:minecart":36,"minecraft:stone_pressure_plate":2,"minecraft:smooth_stone":1084,"minecraft:splash_potion":60},"minecraft:dropped":{"minecraft:lever":1,"minecraft:blue_wool":1,"minecraft:wooden_axe":1,"minecraft:birch_door":1,"minecraft:cartography_table":1},"minecraft:custom":{"minecraft:mob_kills":1,"minecraft:interact_with_cartography_table":2,"minecraft:interact_with_crafting_table":16,"minecraft:play_one_minute":328354,"minecraft:leave_game":10,"minecraft:time_since_death":328354,"minecraft:time_since_rest":328354,"minecraft:sprint_one_cm":87877,"minecraft:walk_one_cm":637937,"minecraft:drop":5,"minecraft:damage_dealt":116,"minecraft:minecart_one_cm":213169,"minecraft:interact_with_beacon":23,"minecraft:fly_one_cm":1960037,"minecraft:swim_one_cm":189,"minecraft:talked_to_villager":3,"minecraft:crouch_one_cm":39115,"minecraft:sneak_time":17901,"minecraft:walk_under_water_one_cm":256940,"minecraft:boat_one_cm":6703,"minecraft:jump":768,"minecraft:walk_on_water_one_cm":136566}},"DataVersion":1976}