{"stats":{"minecraft:picked_up":{"minecraft:feather":1,"minecraft:dark_oak_button":1,"minecraft:chicken":1,"minecraft:iron_door":4,"minecraft:torch":13,"minecraft:leather":3,"minecraft:lead":2,"minecraft:enchanted_book":2,"minecraft:redstone":26,"minecraft:lever":3,"minecraft:beef":4},"minecraft:killed":{"minecraft:trader_llama":2,"minecraft:chicken":1,"minecraft:mooshroom":1,"minecraft:wandering_trader":1,"minecraft:villager":1,"minecraft:cow":1},"minecraft:used":{"minecraft:redstone_torch":19,"minecraft:sticky_piston":46,"minecraft:glass":581,"minecraft:piston":44,"minecraft:lever":1,"minecraft:enchanting_table":1,"minecraft:daylight_detector":2,"minecraft:acacia_door":23,"minecraft:heavy_weighted_pressure_plate":4,"minecraft:grass_block":3,"minecraft:redstone":142,"minecraft:stone_button":1,"minecraft:lectern":2,"minecraft:iron_door":68,"minecraft:stone":646,"minecraft:redstone_block":25,"minecraft:ender_chest":2,"minecraft:smooth_quartz":1524,"minecraft:clay":434,"minecraft:dark_oak_button":12,"minecraft:bell":1,"minecraft:glowstone":30,"minecraft:diamond_sword":29,"minecraft:repeater":15,"minecraft:redstone_lamp":1,"minecraft:anvil":1,"minecraft:potion":8,"minecraft:jungle_button":4,"minecraft:white_stained_glass_pane":3,"minecraft:white_stained_glass":3,"minecraft:dragon_head":5,"minecraft:spruce_fence":2,"minecraft:cobweb":7,"minecraft:obsidian":24},"minecraft:dropped":{"minecraft:enchanted_book":3,"minecraft:lever":1,"minecraft:smooth_quartz":1,"minecraft:obsidian":1,"minecraft:iron_door":4,"minecraft:redstone_torch":1,"minecraft:glass":1,"minecraft:spruce_fence":1,"minecraft:redstone":2},"minecraft:custom":{"minecraft:time_since_rest":238049,"minecraft:sprint_one_cm":190,"minecraft:open_enderchest":2,"minecraft:walk_one_cm":477243,"minecraft:mob_kills":7,"minecraft:drop":15,"minecraft:minecart_one_cm":10527,"minecraft:damage_dealt":1078,"minecraft:interact_with_beacon":5,"minecraft:talked_to_villager":3,"minecraft:fly_one_cm":1354147,"minecraft:open_chest":7,"minecraft:crouch_one_cm":1515,"minecraft:play_one_minute":238049,"minecraft:sneak_time":3282,"minecraft:walk_under_water_one_cm":72437,"minecraft:jump":645,"minecraft:leave_game":12,"minecraft:walk_on_water_one_cm":43819,"minecraft:time_since_death":238049}},"DataVersion":1976}