{"stats":{"minecraft:picked_up":{"minecraft:oak_door":1,"minecraft:torch":2,"minecraft:sand":1,"minecraft:stone_button":1,"minecraft:redstone":1,"minecraft:lantern":1,"minecraft:glass":1,"minecraft:oak_sign":2,"minecraft:kelp":28,"minecraft:detector_rail":2,"minecraft:redstone_torch":14,"minecraft:observer":64,"minecraft:smooth_quartz":1,"minecraft:rail":6,"minecraft:wooden_axe":1},"minecraft:used":{"minecraft:redstone_torch":68,"minecraft:oak_log":8,"minecraft:sticky_piston":16,"minecraft:glass":55,"minecraft:stone_brick_slab":18,"minecraft:water_bucket":2,"minecraft:firework_rocket":27,"minecraft:lantern":2,"minecraft:iron_block":227,"minecraft:stone_button":3,"minecraft:redstone":2,"minecraft:powered_rail":2,"minecraft:slime_block":37,"minecraft:oak_sign":19,"minecraft:blue_wool":21,"minecraft:detector_rail":4,"minecraft:white_terracotta":19,"minecraft:stone":4,"minecraft:cut_sandstone":2,"minecraft:redstone_block":6,"minecraft:smooth_quartz":14,"minecraft:iron_door":9,"minecraft:stone_brick_stairs":76,"minecraft:stone_bricks":429,"minecraft:yellow_wool":27,"minecraft:oak_door":4,"minecraft:orange_stained_glass":403,"minecraft:torch":5,"minecraft:rail":10,"minecraft:sand":8,"minecraft:glowstone":72,"minecraft:soul_sand":3,"minecraft:cobblestone":12,"minecraft:blast_furnace":2,"minecraft:lime_stained_glass":64,"minecraft:minecart":3,"minecraft:campfire":13,"minecraft:orange_wool":30,"minecraft:acacia_fence":10,"minecraft:polished_diorite_stairs":114,"minecraft:shulker_box":3,"minecraft:sponge":11,"minecraft:stone_brick_wall":9,"minecraft:kelp":30,"minecraft:observer":22,"minecraft:smooth_stone":1,"minecraft:splash_potion":25,"minecraft:obsidian":280},"minecraft:custom":{"minecraft:time_since_rest":165242,"minecraft:sprint_one_cm":33280,"minecraft:walk_one_cm":159087,"minecraft:drop":10,"minecraft:animals_bred":2,"minecraft:minecart_one_cm":32366,"minecraft:damage_dealt":20,"minecraft:interact_with_beacon":1,"minecraft:swim_one_cm":2511,"minecraft:interact_with_crafting_table":2,"minecraft:fly_one_cm":652656,"minecraft:crouch_one_cm":2640,"minecraft:play_one_minute":165242,"minecraft:open_shulker_box":2,"minecraft:sneak_time":4905,"minecraft:walk_under_water_one_cm":287983,"minecraft:boat_one_cm":4067,"minecraft:aviate_one_cm":614290,"minecraft:jump":254,"minecraft:interact_with_blast_furnace":1,"minecraft:leave_game":7,"minecraft:walk_on_water_one_cm":52494,"minecraft:time_since_death":165242},"minecraft:dropped":{"minecraft:oak_door":1,"minecraft:wooden_axe":1,"minecraft:smooth_quartz":1,"minecraft:sand":1,"minecraft:glass":1,"minecraft:rail":5}},"DataVersion":1976}