{"stats":{"minecraft:picked_up":{"minecraft:polished_diorite_stairs":1,"minecraft:kelp":4,"minecraft:stripped_jungle_wood":1},"minecraft:mined":{"minecraft:pink_bed":2,"minecraft:orange_bed":1},"minecraft:used":{"minecraft:birch_fence":10,"minecraft:birch_door":40,"minecraft:oak_fence":101,"minecraft:glass":1145,"minecraft:dark_oak_planks":56,"minecraft:sandstone_stairs":581,"minecraft:stripped_birch_log":6,"minecraft:grass_block":7637,"minecraft:dark_oak_sign":1,"minecraft:quartz_block":167,"minecraft:white_terracotta":53,"minecraft:cut_sandstone":4616,"minecraft:stripped_jungle_wood":15,"minecraft:oak_pressure_plate":8,"minecraft:smooth_quartz":1,"minecraft:quartz_stairs":103,"minecraft:orange_bed":1,"minecraft:pink_bed":2,"minecraft:jungle_sign":1,"minecraft:glowstone":259,"minecraft:cut_sandstone_slab":39,"minecraft:oak_sapling":37,"minecraft:birch_sign":1,"minecraft:jungle_door":1,"minecraft:andesite_stairs":4,"minecraft:sandstone_slab":80,"minecraft:polished_diorite_stairs":3215,"minecraft:smooth_stone_slab":31,"minecraft:stone_pressure_plate":4,"minecraft:white_concrete":216,"minecraft:bone_meal":81,"minecraft:oak_fence_gate":3,"minecraft:polished_diorite":70},"minecraft:dropped":{"minecraft:polished_diorite_stairs":1},"minecraft:custom":{"minecraft:time_since_rest":255013,"minecraft:sprint_one_cm":173323,"minecraft:walk_one_cm":313174,"minecraft:drop":1,"minecraft:damage_dealt":34,"minecraft:fly_one_cm":5566174,"minecraft:play_one_minute":496395,"minecraft:crouch_one_cm":28126,"minecraft:sneak_time":18529,"minecraft:walk_under_water_one_cm":167964,"minecraft:jump":663,"minecraft:leave_game":25,"minecraft:time_since_death":496395,"minecraft:walk_on_water_one_cm":595451,"minecraft:sleep_in_bed":6}},"DataVersion":1976}