{"stats":{"minecraft:picked_up":{"minecraft:redstone_lamp":1,"minecraft:stone_button":3},"minecraft:dropped":{"minecraft:redstone_lamp":1},"minecraft:used":{"minecraft:birch_door":3,"minecraft:wandering_trader_spawn_egg":1,"minecraft:glass":115,"minecraft:zombie_pigman_spawn_egg":5,"minecraft:jack_o_lantern":3,"minecraft:diamond_sword":8,"minecraft:spruce_door":1,"minecraft:redstone_lamp":2,"minecraft:villager_spawn_egg":4,"minecraft:acacia_door":8,"minecraft:oak_stairs":1,"minecraft:grass_block":1,"minecraft:jungle_door":8,"minecraft:pink_terracotta":28,"minecraft:stone_button":6,"minecraft:glass_pane":12,"minecraft:lectern":1,"minecraft:spruce_planks":39,"minecraft:white_terracotta":82,"minecraft:spruce_fence":24,"minecraft:smooth_quartz":348,"minecraft:spruce_sign":1,"minecraft:iron_door":1,"minecraft:dark_oak_door":1,"minecraft:quartz_stairs":76,"minecraft:spruce_fence_gate":4},"minecraft:custom":{"minecraft:time_since_rest":96506,"minecraft:crouch_one_cm":3583,"minecraft:play_one_minute":96506,"minecraft:sprint_one_cm":34437,"minecraft:walk_one_cm":215989,"minecraft:sneak_time":1808,"minecraft:walk_under_water_one_cm":3362,"minecraft:mob_kills":3,"minecraft:drop":1,"minecraft:jump":114,"minecraft:damage_dealt":540,"minecraft:leave_game":4,"minecraft:walk_on_water_one_cm":562,"minecraft:time_since_death":96506,"minecraft:fly_one_cm":537576},"minecraft:killed":{"minecraft:wandering_trader":1,"minecraft:villager":1}},"DataVersion":1976}