{"stats":{"minecraft:custom":{"minecraft:time_since_rest":307819,"minecraft:sprint_one_cm":2216,"minecraft:walk_one_cm":398385,"minecraft:drop":13,"minecraft:damage_dealt":352,"minecraft:fly_one_cm":619283,"minecraft:fill_cauldron":1,"minecraft:play_one_minute":307819,"minecraft:crouch_one_cm":3078,"minecraft:sneak_time":1203,"minecraft:walk_under_water_one_cm":29288,"minecraft:jump":590,"minecraft:leave_game":7,"minecraft:walk_on_water_one_cm":9266,"minecraft:time_since_death":307819},"minecraft:used":{"minecraft:redstone_torch":204,"minecraft:sticky_piston":8,"minecraft:glass":7,"minecraft:lever":15,"minecraft:smooth_quartz_slab":25,"minecraft:carved_pumpkin":91,"minecraft:redstone":21,"minecraft:slime_block":45,"minecraft:stone_button":5,"minecraft:lectern":4,"minecraft:smooth_quartz":38,"minecraft:cauldron":1,"minecraft:iron_door":2,"minecraft:smooth_quartz_stairs":2,"minecraft:torch":38,"minecraft:diamond_sword":12,"minecraft:tnt":31,"minecraft:magenta_glazed_terracotta":6,"minecraft:crossbow":3,"minecraft:lingering_potion":27,"minecraft:observer":30,"minecraft:obsidian":212},"minecraft:picked_up":{"minecraft:iron_chestplate":1,"minecraft:water_bucket":1,"minecraft:torch":7,"minecraft:diamond_sword":1,"minecraft:chainmail_chestplate":1,"minecraft:stone_button":1,"minecraft:redstone":1,"minecraft:sticky_piston":1,"minecraft:diamond_chestplate":1,"minecraft:wheat_seeds":1,"minecraft:lever":1,"minecraft:iron_helmet":1,"minecraft:redstone_torch":56,"minecraft:iron_sword":1},"minecraft:dropped":{"minecraft:water_bucket":1,"minecraft:diamond_sword":1,"minecraft:iron_sword":1,"minecraft:lever":1,"minecraft:diamond_chestplate":1,"minecraft:iron_chestplate":2,"minecraft:obsidian":1,"minecraft:sticky_piston":1,"minecraft:smooth_quartz":1,"minecraft:iron_helmet":1,"minecraft:redstone_torch":1,"minecraft:chainmail_chestplate":1}},"DataVersion":1976}