{"stats":{"minecraft:used":{"minecraft:redstone_torch":5,"minecraft:lever":23,"minecraft:oak_stairs":4,"minecraft:redstone":69,"minecraft:smooth_sandstone":4,"minecraft:redstone_block":3,"minecraft:redstone_lamp":28,"minecraft:sand":274,"minecraft:dirt":280,"minecraft:tripwire_hook":3,"minecraft:repeater":7,"minecraft:tnt":3,"minecraft:white_stained_glass":9,"minecraft:dark_oak_door":5},"minecraft:custom":{"minecraft:time_since_rest":290186,"minecraft:sprint_one_cm":1886,"minecraft:damage_taken":1675,"minecraft:walk_one_cm":212846,"minecraft:mob_kills":6,"minecraft:drop":101,"minecraft:damage_dealt":1057,"minecraft:fly_one_cm":2092,"minecraft:crouch_one_cm":371,"minecraft:play_one_minute":431947,"minecraft:deaths":6,"minecraft:sneak_time":66,"minecraft:walk_under_water_one_cm":62056,"minecraft:jump":125,"minecraft:leave_game":50,"minecraft:walk_on_water_one_cm":1949,"minecraft:time_since_death":290143,"minecraft:fall_one_cm":7843},"minecraft:killed":{"minecraft:zombie":4,"minecraft:pig":1,"minecraft:drowned":1},"minecraft:mined":{"minecraft:grass":8,"minecraft:grass_block":4,"minecraft:sand":6},"minecraft:dropped":{"minecraft:wheat_seeds":4,"minecraft:redstone_torch":2,"minecraft:sandstone":13,"minecraft:sand":81,"minecraft:egg":3},"minecraft:killed_by":{"minecraft:drowned":1,"minecraft:zombie":2},"minecraft:picked_up":{"minecraft:dark_oak_door":1,"minecraft:sandstone":13,"minecraft:repeater":6,"minecraft:tripwire_hook":1,"minecraft:sand":95,"minecraft:redstone":3,"minecraft:dirt":4,"minecraft:rotten_flesh":6,"minecraft:wheat_seeds":5,"minecraft:lever":4,"minecraft:redstone_torch":2,"minecraft:oxeye_daisy":2,"minecraft:egg":7}},"DataVersion":1976}