{"stats":{"minecraft:killed":{"minecraft:cod":11},"minecraft:used":{"minecraft:flint_and_steel":48,"minecraft:redstone":259,"minecraft:polished_andesite":5,"minecraft:spruce_planks":36,"minecraft:stone":191,"minecraft:stripped_jungle_wood":1,"minecraft:stripped_birch_wood":1,"minecraft:quartz_stairs":225,"minecraft:clay":3984,"minecraft:smooth_quartz_stairs":1,"minecraft:oak_door":24,"minecraft:dirt":205,"minecraft:sand":102,"minecraft:tnt":721,"minecraft:birch_sign":20,"minecraft:yellow_concrete":364,"minecraft:dark_oak_door":1,"minecraft:oak_fence_gate":21,"minecraft:obsidian":2,"minecraft:birch_door":3,"minecraft:redstone_torch":33,"minecraft:glass":1927,"minecraft:dark_oak_planks":288,"minecraft:lever":23,"minecraft:daylight_detector":1,"minecraft:birch_fence_gate":2,"minecraft:acacia_door":67,"minecraft:grass_block":482,"minecraft:oak_button":2,"minecraft:birch_sapling":2,"minecraft:smooth_quartz":19390,"minecraft:iron_door":2,"minecraft:gravel":1,"minecraft:tripwire_hook":2,"minecraft:repeater":10,"minecraft:glowstone":909,"minecraft:cobblestone":209,"minecraft:redstone_lamp":32,"minecraft:magma_block":1,"minecraft:dark_oak_boat":3,"minecraft:oak_sapling":36,"minecraft:stripped_oak_wood":91,"minecraft:dark_oak_fence":6,"minecraft:jungle_door":18,"minecraft:white_stained_glass":179,"minecraft:oak_boat":2,"minecraft:stone_pressure_plate":4,"minecraft:smooth_stone":10,"minecraft:bone_meal":12,"minecraft:dark_oak_sapling":3},"minecraft:dropped":{"minecraft:dark_oak_sapling":1,"minecraft:birch_sapling":1,"minecraft:flint_and_steel":3,"minecraft:smooth_quartz":2,"minecraft:glowstone":1,"minecraft:tripwire_hook":3},"minecraft:custom":{"minecraft:mob_kills":11,"minecraft:play_one_minute":1472717,"minecraft:leave_game":84,"minecraft:time_since_death":28552,"minecraft:time_since_rest":28576,"minecraft:sprint_one_cm":160658,"minecraft:damage_taken":240,"minecraft:walk_one_cm":1684449,"minecraft:drop":9,"minecraft:minecart_one_cm":8408,"minecraft:damage_dealt":10,"minecraft:swim_one_cm":6425,"minecraft:talked_to_villager":1,"minecraft:fly_one_cm":7561464,"minecraft:crouch_one_cm":1985,"minecraft:deaths":1,"minecraft:sneak_time":14101,"minecraft:walk_under_water_one_cm":213520,"minecraft:boat_one_cm":100122,"minecraft:jump":962,"minecraft:walk_on_water_one_cm":115853},"minecraft:picked_up":{"minecraft:tripwire_hook":3,"minecraft:andesite":13,"minecraft:flint":1,"minecraft:flint_and_steel":2,"minecraft:sticky_piston":2,"minecraft:kelp":16,"minecraft:wheat_seeds":1,"minecraft:iron_ore":1,"minecraft:redstone_torch":3,"minecraft:observer":2,"minecraft:smooth_quartz":320,"minecraft:glowstone_dust":171,"minecraft:powered_rail":1,"minecraft:quartz_stairs":3,"minecraft:egg":1,"minecraft:dark_oak_door":1,"minecraft:jungle_door":2,"minecraft:oak_door":3,"minecraft:gravel":13,"minecraft:redstone":5,"minecraft:pink_terracotta":2,"minecraft:slime_block":8,"minecraft:granite":6,"minecraft:oak_sapling":1,"minecraft:cobblestone":7}},"DataVersion":1976}