{"stats":{"minecraft:picked_up":{"minecraft:scaffolding":2,"minecraft:splash_potion":1,"minecraft:ink_sac":2,"minecraft:white_bed":1,"minecraft:redstone":3,"minecraft:string":2,"minecraft:acacia_door":1,"minecraft:white_carpet":1,"minecraft:kelp":8,"minecraft:glowstone":4,"minecraft:redstone_torch":5,"minecraft:emerald":1,"minecraft:smooth_quartz":358,"minecraft:glowstone_dust":18,"minecraft:quartz_stairs":1,"minecraft:cod":2},"minecraft:dropped":{"minecraft:quartz_stairs":1,"minecraft:glowstone":4,"minecraft:smooth_quartz":6,"minecraft:white_carpet":1,"minecraft:scaffolding":2,"minecraft:white_bed":1,"minecraft:splash_potion":1,"minecraft:cod":1,"minecraft:emerald":1},"minecraft:used":{"minecraft:redstone_torch":20,"minecraft:glass":128,"minecraft:sea_lantern":2,"minecraft:acacia_door":14,"minecraft:jungle_fence":50,"minecraft:lectern":1,"minecraft:smooth_quartz":6696,"minecraft:quartz_stairs":99,"minecraft:cat_spawn_egg":12,"minecraft:glowstone":525,"minecraft:diamond_sword":13,"minecraft:dirt":1,"minecraft:potion":1,"minecraft:bow":8,"minecraft:white_carpet":2,"minecraft:tnt":112,"minecraft:jungle_door":1,"minecraft:lingering_potion":2,"minecraft:splash_potion":11,"minecraft:dark_oak_door":1,"minecraft:obsidian":7},"minecraft:custom":{"minecraft:time_since_rest":274845,"minecraft:sprint_one_cm":83420,"minecraft:walk_one_cm":327802,"minecraft:mob_kills":6,"minecraft:drop":18,"minecraft:animals_bred":5,"minecraft:damage_dealt":435,"minecraft:swim_one_cm":9162,"minecraft:fly_one_cm":1728161,"minecraft:open_chest":5,"minecraft:crouch_one_cm":4518,"minecraft:play_one_minute":274845,"minecraft:sneak_time":8231,"minecraft:walk_under_water_one_cm":106441,"minecraft:jump":280,"minecraft:leave_game":14,"minecraft:walk_on_water_one_cm":70881,"minecraft:time_since_death":274845},"minecraft:killed":{"minecraft:cat":3,"minecraft:dolphin":2,"minecraft:squid":1}},"DataVersion":1976}