{"stats":{"minecraft:dropped":{"minecraft:stripped_jungle_wood":1},"minecraft:used":{"minecraft:glass":69,"minecraft:orange_bed":9,"minecraft:torch":2,"minecraft:bow":21,"minecraft:sandstone_stairs":106,"minecraft:snow_block":1,"minecraft:red_bed":6,"minecraft:oak_sapling":3,"minecraft:grass_block":1218,"minecraft:white_stained_glass_pane":17,"minecraft:white_concrete":22,"minecraft:cut_sandstone":3493,"minecraft:smooth_quartz":2,"minecraft:stripped_jungle_wood":3,"minecraft:bone_meal":2},"minecraft:mined":{"minecraft:red_bed":6,"minecraft:orange_bed":9},"minecraft:picked_up":{"minecraft:kelp":36},"minecraft:custom":{"minecraft:time_since_rest":18678,"minecraft:crouch_one_cm":671,"minecraft:play_one_minute":152147,"minecraft:sprint_one_cm":11491,"minecraft:walk_one_cm":65826,"minecraft:sneak_time":2966,"minecraft:walk_under_water_one_cm":14664,"minecraft:drop":1,"minecraft:jump":90,"minecraft:leave_game":4,"minecraft:walk_on_water_one_cm":140118,"minecraft:time_since_death":152147,"minecraft:sleep_in_bed":5,"minecraft:fly_one_cm":1709160}},"DataVersion":1976}