{"stats":{"minecraft:picked_up":{"minecraft:chicken":1,"minecraft:rotten_flesh":2},"minecraft:killed":{"minecraft:chicken":1,"minecraft:drowned":1},"minecraft:used":{"minecraft:birch_door":3,"minecraft:dead_fire_coral_fan":2,"minecraft:glass":8,"minecraft:dark_oak_stairs":2,"minecraft:dark_oak_planks":18,"minecraft:iron_bars":15,"minecraft:light_gray_stained_glass":59,"minecraft:villager_spawn_egg":1,"minecraft:sandstone_stairs":33,"minecraft:acacia_door":1,"minecraft:light_gray_stained_glass_pane":127,"minecraft:lantern":4,"minecraft:gray_carpet":1,"minecraft:dark_oak_sign":15,"minecraft:ladder":9,"minecraft:lectern":1,"minecraft:dark_oak_slab":1,"minecraft:cut_sandstone":77,"minecraft:oak_pressure_plate":4,"minecraft:diorite_wall":2,"minecraft:stripped_birch_wood":3,"minecraft:torch":2,"minecraft:tripwire_hook":3,"minecraft:diamond_sword":8,"minecraft:anvil":7,"minecraft:cut_sandstone_slab":4,"minecraft:scaffolding":1,"minecraft:dark_oak_fence":6,"minecraft:grindstone":3,"minecraft:red_mushroom":1,"minecraft:jungle_door":2,"minecraft:sandstone_slab":13,"minecraft:glass_pane":10,"minecraft:granite_wall":10,"minecraft:white_concrete":26,"minecraft:spruce_fence":29,"minecraft:oak_fence_gate":2,"minecraft:dark_oak_door":3,"minecraft:polished_diorite":15},"minecraft:custom":{"minecraft:time_since_rest":80251,"minecraft:sprint_one_cm":16321,"minecraft:walk_one_cm":33254,"minecraft:mob_kills":2,"minecraft:damage_dealt":319,"minecraft:fly_one_cm":796400,"minecraft:play_one_minute":80251,"minecraft:crouch_one_cm":2737,"minecraft:sneak_time":2497,"minecraft:walk_under_water_one_cm":41055,"minecraft:jump":105,"minecraft:leave_game":8,"minecraft:time_since_death":80251,"minecraft:walk_on_water_one_cm":5274,"minecraft:climb_one_cm":1705}},"DataVersion":1976}