{"stats":{"minecraft:custom":{"minecraft:jump":97,"minecraft:time_since_rest":48170,"minecraft:crouch_one_cm":78,"minecraft:play_one_minute":48170,"minecraft:leave_game":1,"minecraft:sprint_one_cm":32541,"minecraft:walk_on_water_one_cm":452,"minecraft:time_since_death":48170,"minecraft:walk_one_cm":76787,"minecraft:sneak_time":44,"minecraft:walk_under_water_one_cm":2320,"minecraft:drop":2,"minecraft:fly_one_cm":179470},"minecraft:used":{"minecraft:iron_door":4},"minecraft:picked_up":{"minecraft:iron_door":1},"minecraft:dropped":{"minecraft:iron_door":2}},"DataVersion":1976}