{"stats":{"minecraft:custom":{"minecraft:jump":75,"minecraft:time_since_rest":44524,"minecraft:crouch_one_cm":4012,"minecraft:play_one_minute":44524,"minecraft:leave_game":2,"minecraft:sprint_one_cm":20978,"minecraft:time_since_death":44524,"minecraft:walk_one_cm":125801,"minecraft:sneak_time":941,"minecraft:drop":1,"minecraft:fly_one_cm":240067},"minecraft:used":{"minecraft:glass":51,"minecraft:smooth_quartz":105,"minecraft:acacia_door":5},"minecraft:picked_up":{"minecraft:acacia_door":4,"minecraft:smooth_quartz":1},"minecraft:dropped":{"minecraft:smooth_quartz":1}},"DataVersion":1976}