{"stats":{"minecraft:picked_up":{"minecraft:leather":4,"minecraft:lead":2},"minecraft:killed":{"minecraft:trader_llama":2,"minecraft:wolf":3,"minecraft:wandering_trader":1},"minecraft:used":{"minecraft:wandering_trader_spawn_egg":1,"minecraft:glass":132,"minecraft:villager_spawn_egg":1,"minecraft:mooshroom_spawn_egg":14,"minecraft:diamond_sword":30,"minecraft:glowstone":1,"minecraft:anvil":2,"minecraft:potion":3,"minecraft:stray_spawn_egg":2,"minecraft:acacia_door":9,"minecraft:guardian_spawn_egg":1,"minecraft:wolf_spawn_egg":3,"minecraft:lead":1,"minecraft:birch_sign":1,"minecraft:stone_button":2,"minecraft:glass_pane":5,"minecraft:magenta_glazed_terracotta":14,"minecraft:spruce_planks":6,"minecraft:stone":7,"minecraft:smooth_quartz":222,"minecraft:iron_door":3,"minecraft:diamond_axe":7},"minecraft:custom":{"minecraft:time_since_rest":59573,"minecraft:crouch_one_cm":393,"minecraft:play_one_minute":59573,"minecraft:sprint_one_cm":24852,"minecraft:walk_one_cm":188004,"minecraft:sneak_time":323,"minecraft:walk_under_water_one_cm":13454,"minecraft:mob_kills":6,"minecraft:jump":132,"minecraft:damage_dealt":1017,"minecraft:leave_game":1,"minecraft:time_since_death":59573,"minecraft:walk_on_water_one_cm":203,"minecraft:talked_to_villager":30,"minecraft:fly_one_cm":605947}},"DataVersion":1976}