{"stats":{"minecraft:picked_up":{"minecraft:sponge":1,"minecraft:golden_leggings":1,"minecraft:torch":2,"minecraft:oak_sign":3,"minecraft:kelp":15,"minecraft:slime_block":1,"minecraft:redstone_torch":5,"minecraft:glowstone":1,"minecraft:smooth_quartz":1,"minecraft:quartz_stairs":1},"minecraft:used":{"minecraft:redstone_torch":33,"minecraft:glass":553,"minecraft:water_bucket":1,"minecraft:acacia_door":22,"minecraft:powered_rail":1,"minecraft:iron_block":24,"minecraft:grass_block":135,"minecraft:stone_button":2,"minecraft:slime_block":4,"minecraft:white_terracotta":1,"minecraft:iron_door":5,"minecraft:smooth_quartz":741,"minecraft:quartz_stairs":11,"minecraft:clay":877,"minecraft:glowstone":90,"minecraft:sand":6,"minecraft:lime_stained_glass":142,"minecraft:oak_sapling":16,"minecraft:stripped_oak_wood":13,"minecraft:minecart":3,"minecraft:birch_sign":3,"minecraft:sponge":2,"minecraft:polished_diorite_stairs":92,"minecraft:campfire":2,"minecraft:observer":5,"minecraft:bone_meal":26,"minecraft:obsidian":170},"minecraft:dropped":{"minecraft:water_bucket":1,"minecraft:iron_block":1,"minecraft:clay":1,"minecraft:polished_diorite_stairs":1,"minecraft:stone_button":1,"minecraft:golden_helmet":2,"minecraft:diamond_chestplate":1,"minecraft:sponge":1,"minecraft:torch":2,"minecraft:minecart":1,"minecraft:quartz_stairs":2,"minecraft:lime_stained_glass":1,"minecraft:glowstone":4,"minecraft:smooth_quartz":2,"minecraft:golden_leggings":2,"minecraft:obsidian":1,"minecraft:oak_sapling":1,"minecraft:redstone_torch":7,"minecraft:birch_sign":1,"minecraft:iron_boots":1,"minecraft:observer":1,"minecraft:bone_meal":1,"minecraft:slime_block":2,"minecraft:sand":1,"minecraft:powered_rail":1,"minecraft:glass":2,"minecraft:stripped_oak_wood":2,"minecraft:white_terracotta":1,"minecraft:acacia_door":1,"minecraft:oak_sign":3,"minecraft:grass_block":1},"minecraft:custom":{"minecraft:time_since_rest":247342,"minecraft:sprint_one_cm":68207,"minecraft:walk_one_cm":209323,"minecraft:drop":48,"minecraft:minecart_one_cm":44819,"minecraft:damage_dealt":30,"minecraft:swim_one_cm":1527,"minecraft:fly_one_cm":2314155,"minecraft:crouch_one_cm":8815,"minecraft:play_one_minute":247342,"minecraft:sneak_time":10355,"minecraft:walk_under_water_one_cm":162279,"minecraft:jump":290,"minecraft:leave_game":13,"minecraft:time_since_death":247342,"minecraft:walk_on_water_one_cm":15239}},"DataVersion":1976}